mutant,mutated_sequence,DMS_score,DMS_score_bin
T159M:D166V,MEAIAKYDFKATADDELSFKRGDILKVLNEECDQNWYKAELNGKDGFIPKNYIEMKPHPWFFGKIPRAKAEEMLSKQRHDGAFLIRESESAPGDFSLSVKFGNDVQHFKVLRDGAGKYFLWVVKFNSLNELVDYHRSTSVSRNQQIFLRDIEQVPQQPMYVQALFVFDPQEDGELGFRRGDFIHVMDNSDPNWWKGACHGQTGMFPRNYVTPVNRNV,-0.923699894000522,0
T159F:G203C,MEAIAKYDFKATADDELSFKRGDILKVLNEECDQNWYKAELNGKDGFIPKNYIEMKPHPWFFGKIPRAKAEEMLSKQRHDGAFLIRESESAPGDFSLSVKFGNDVQHFKVLRDGAGKYFLWVVKFNSLNELVDYHRSTSVSRNQQIFLRDIEQVPQQPFYVQALFDFDPQEDGELGFRRGDFIHVMDNSDPNWWKGACHGQTCMFPRNYVTPVNRNV,-0.811371629054164,0
T159F:G203A,MEAIAKYDFKATADDELSFKRGDILKVLNEECDQNWYKAELNGKDGFIPKNYIEMKPHPWFFGKIPRAKAEEMLSKQRHDGAFLIRESESAPGDFSLSVKFGNDVQHFKVLRDGAGKYFLWVVKFNSLNELVDYHRSTSVSRNQQIFLRDIEQVPQQPFYVQALFDFDPQEDGELGFRRGDFIHVMDNSDPNWWKGACHGQTAMFPRNYVTPVNRNV,-0.959640475494048,0
T159F:G200V,MEAIAKYDFKATADDELSFKRGDILKVLNEECDQNWYKAELNGKDGFIPKNYIEMKPHPWFFGKIPRAKAEEMLSKQRHDGAFLIRESESAPGDFSLSVKFGNDVQHFKVLRDGAGKYFLWVVKFNSLNELVDYHRSTSVSRNQQIFLRDIEQVPQQPFYVQALFDFDPQEDGELGFRRGDFIHVMDNSDPNWWKGACHVQTGMFPRNYVTPVNRNV,-0.979989350169652,0
T159F:G200T,MEAIAKYDFKATADDELSFKRGDILKVLNEECDQNWYKAELNGKDGFIPKNYIEMKPHPWFFGKIPRAKAEEMLSKQRHDGAFLIRESESAPGDFSLSVKFGNDVQHFKVLRDGAGKYFLWVVKFNSLNELVDYHRSTSVSRNQQIFLRDIEQVPQQPFYVQALFDFDPQEDGELGFRRGDFIHVMDNSDPNWWKGACHTQTGMFPRNYVTPVNRNV,-0.855926343710994,0
T159F:G200R,MEAIAKYDFKATADDELSFKRGDILKVLNEECDQNWYKAELNGKDGFIPKNYIEMKPHPWFFGKIPRAKAEEMLSKQRHDGAFLIRESESAPGDFSLSVKFGNDVQHFKVLRDGAGKYFLWVVKFNSLNELVDYHRSTSVSRNQQIFLRDIEQVPQQPFYVQALFDFDPQEDGELGFRRGDFIHVMDNSDPNWWKGACHRQTGMFPRNYVTPVNRNV,-0.460488737352311,1
T159F:G200K,MEAIAKYDFKATADDELSFKRGDILKVLNEECDQNWYKAELNGKDGFIPKNYIEMKPHPWFFGKIPRAKAEEMLSKQRHDGAFLIRESESAPGDFSLSVKFGNDVQHFKVLRDGAGKYFLWVVKFNSLNELVDYHRSTSVSRNQQIFLRDIEQVPQQPFYVQALFDFDPQEDGELGFRRGDFIHVMDNSDPNWWKGACHKQTGMFPRNYVTPVNRNV,-0.193245620223573,1
T159F:G200A,MEAIAKYDFKATADDELSFKRGDILKVLNEECDQNWYKAELNGKDGFIPKNYIEMKPHPWFFGKIPRAKAEEMLSKQRHDGAFLIRESESAPGDFSLSVKFGNDVQHFKVLRDGAGKYFLWVVKFNSLNELVDYHRSTSVSRNQQIFLRDIEQVPQQPFYVQALFDFDPQEDGELGFRRGDFIHVMDNSDPNWWKGACHAQTGMFPRNYVTPVNRNV,-0.599889764054424,1
T159F:G196V,MEAIAKYDFKATADDELSFKRGDILKVLNEECDQNWYKAELNGKDGFIPKNYIEMKPHPWFFGKIPRAKAEEMLSKQRHDGAFLIRESESAPGDFSLSVKFGNDVQHFKVLRDGAGKYFLWVVKFNSLNELVDYHRSTSVSRNQQIFLRDIEQVPQQPFYVQALFDFDPQEDGELGFRRGDFIHVMDNSDPNWWKVACHGQTGMFPRNYVTPVNRNV,-1.09186285831937,0
T159F:G196R,MEAIAKYDFKATADDELSFKRGDILKVLNEECDQNWYKAELNGKDGFIPKNYIEMKPHPWFFGKIPRAKAEEMLSKQRHDGAFLIRESESAPGDFSLSVKFGNDVQHFKVLRDGAGKYFLWVVKFNSLNELVDYHRSTSVSRNQQIFLRDIEQVPQQPFYVQALFDFDPQEDGELGFRRGDFIHVMDNSDPNWWKRACHGQTGMFPRNYVTPVNRNV,-1.15830743285216,0
